,Drivetrain,Engine,Exterior,HWY,Interior,Location,Mileage,Original Price,Sales Price,Stock #,Trans,Unnamed: 0,Vehicle Name,Vin #,Year
0, RWD, Twin Turbo Premium Unleaded V-6 3.0 L/183, Black, 26 MPG                                          |                              CITY, Black Leather,"Sacramento, CA        "," 4,921","            $63,895          ","             $51,788          ", B11684, 9-Speed Automatic w/OD,,Mercedes-Benz E 400 RWD, WDD1J6FB7JF028783,2018
1, RWD, Premium Unleaded V-6 3.5 L/213, Selenite Grey Metallic, 23 MPG                                          |                              CITY, Black MB-Tex,"Sacramento, CA        "," 6,898","            $58,295          ","             $47,999          ", B11461, 7-Speed Automatic w/OD,,Mercedes-Benz 350 RWD, 4JGDA5JB7JB181806,2018
2, AWD 4MATIC, Twin Turbo Premium Unleaded V-6 3.0 L/183, Polar White, 22 MPG                                          |                              CITY, Black MB-Tex,"Sacramento, CA        "," 9,454","            $76,730          ","             $65,555          ", B11736, 9-Speed Automatic w/OD,,Mercedes-Benz GLS 450 AWD 4MATIC®, 4JGDF6EE5KB207624,2019
3, 4WD, Intercooled Turbo Diesel V-6 3.0 L/183, Gray, 28 MPG                                          |                              CITY, BLACK LEATHER,"Sacramento, CA        "," 20,856","            $91,519          ","             $78,633          ", B11754, 8-Speed Automatic w/OD,,Land Rover Range Rover HSE 4WD, SALGS2RK3JA503065,2018
4, RWD, Premium Unleaded V-6 3.5 L/213, Black, 30 MPG                                          |                              CITY, Black MB-Tex,"Sacramento, CA        "," 47,277","            $28,916          ","             $22,999          ", B11793, 7-Speed Automatic w/OD,,Mercedes-Benz E 350 Sport RWD, WDDHF5KB7EB019305,2014
5, RWD, Intercooled Turbo Premium Unleaded I-4 2.0 L/121, Obsidian Black Metallic, 32 MPG                                          |                              CITY, Bengal Red Premium Leather,"Sacramento, CA        "," 37,863","            $37,851          ","             $30,425          ", B11795, 9-Speed Automatic w/OD,,Mercedes-Benz SLK 300 Sport RWD, WDDPK3JA0GF123893,2016
6, RWD, Intercooled Turbo Premium Unleaded I-4 2.0 L/121, Black, 30 MPG                                          |                              CITY, Macchiato Beige/ Black MB-Tex,"Sacramento, CA        "," 21,307","            $48,762          ","             $39,909          ", B11798, 9-Speed Automatic w/OD,,Mercedes-Benz E 300 RWD, WDDZF4JB8HA061234,2017
7, RWD, Intercooled Turbo Premium Unleaded I-4 2.0 L/121, Polar White, 28 MPG                                          |                              CITY, Black MB-Tex,"Sacramento, CA        "," 25,093","            $34,890          ","             $29,455          ", B11812, 9-Speed Automatic w/OD,,Mercedes-Benz GLC 300 RWD, WDC0G4JB5GF016182,2016
8, RWD, Intercooled Turbo Premium Unleaded I-4 2.0 L/121, Dakota Brown Metallic, 34 MPG                                          |                              CITY, Luxury Silk Beige MB-Tex w/ Espresso Brown Dashboard,"Sacramento, CA        "," 19,393","            $37,822          ","             $28,709          ", B11811, 7-Speed Automatic w/OD,,Mercedes-Benz C 300 Luxury RWD, 55SWF4JB5HU199459,2017
9, RWD, Twin Turbo Premium Unleaded V-8 4.7 L/285, designo Diamond White Metallic, 26 MPG                                          |                              CITY, Black Leather w/white cont. stitching,"Sacramento, CA        "," 39,226","            $54,559          ","             $49,816          ", B11819, 9-Speed Automatic w/OD,,Mercedes-Benz CLS 550 RWD, WDDLJ7DB8GA167456,2016
10, 4WD, Intercooled Supercharger Premium Unleaded V-8 5.0 L/305, Silver, 19 MPG                                          |                              CITY, Black,"Sacramento, CA        "," 19,346","            $71,455          ","             $66,775          ", B11830, 8-Speed Automatic w/OD,,Land Rover Range Rover Sport 4WD, SALWR2FE8HA144196,2017
11, RWD, Twin Turbo Premium Unleaded V-6 3.0 L/183, Steel Grey Metallic, 29 MPG                                          |                              CITY, Black Leather,"Sacramento, CA        "," 31,246","            $38,973          ","             $33,951          ", B11834, 7-Speed Automatic w/OD,,Mercedes-Benz E 400 RWD, WDDHF6FB1GB252521,2016
12, AWD, Twin Turbo Premium Unleaded V-6 2.7 L/164, White, 24 MPG                                          |                              CITY, Black,"Sacramento, CA        "," 5,026","            $38,916          ","             $34,996          ", B11828, 6-Speed Automatic w/OD,,Ford Edge Sport AWD, 2FMPK4AP4JBB19273,2018
13, FWD, Gas/Electric I-4 2.0 L/122, Red, 36 MPG                                          |                              CITY, Black,"Sacramento, CA        "," 24,101","            $20,916          ","             $16,963          ", B11829, 1-Speed CVT w/OD,,Ford Fusion Energi Titanium FWD, 3FA6P0SU6GR202525,2016
14, FWD, Intercooled Turbo Premium Unleaded I-3 1.5 L/91, CREAM, 40 MPG                                          |                              CITY, Black,"Sacramento, CA        "," 21,026","            $16,916          ","             $13,405          ", B11870,,,MINI Cooper Hardtop 4 Door FWD, WMWXS5C50FT828390,2015
15, RWD, Gas V8 6.1L/370,, 20 MPG                                          |                              CITY,,"Sacramento, CA        "," 20,958","            $35,899          ","             $32,707          ", B11884, 5-Speed Automatic,,Mercedes-Benz C 300 RWD, 55SWF4JB2HU190721,2017
16, RWD, Intercooled Turbo Premium Unleaded I-4 2.0 L/121, Diamond Silver Metallic, 34 MPG                                          |                              CITY, Crystal Grey MB-Tex,"Sacramento, CA        "," 24,069","            $31,202          ","             $27,433          ", B11891, 7-Speed Automatic w/OD,,Mercedes-Benz C 300 RWD, 55SWF4JBXGU156492,2016
17,,,,,,"Sacramento, CA        ", 0,"            $32,916          ","             $32,454          ", B11888,,,Ford Edge Sport AWD, 2FMPK4AP7GBC67281,2016
0, RWD, Intercooled Turbo Premium Unleaded I-4 2.0 L/121, designo Cardinal Red Metallic, 34 MPG                                          |                              CITY, Sport Black MB-Tex,"Sacramento, CA        "," 39,754","            $31,855          ","             $29,741          ", B11893, 7-Speed Automatic w/OD,,Mercedes-Benz C 300 Sport RWD, 55SWF4JB7GU163822,2016
1, AWD, Intercooled Turbo Diesel V-6 3.0 L/181, White, 29 MPG                                          |                              CITY, Beige,"Sacramento, CA        "," 53,468","            $23,816          ","             $22,766          ", B11897, 8-Speed Automatic w/OD,,Volkswagen Touareg AWD, WVGEP9BP4ED015452,2014
2, 4WD, Regular Unleaded V-6 3.6 L/220, Billet Silver Metallic Clearcoat, 21 MPG                                          |                              CITY, Black,"Sacramento, CA        "," 8,069","            $38,916          ","             $34,978          ", B11880, 6-Speed Manual w/OD,,Jeep Wrangler JK Unlimited Sport S 4WD, 1C4BJWDG1JL865804,2018
3, FWD, Gas I4 2.0L/122, Silver Moon Metallic, 35 MPG                                          |                              CITY, Beige,"Sacramento, CA        "," 28,929","            $17,902          ","             $15,499          ", B11896, 5-Speed Automatic w/Manual Shift,,Acura ILX Tech Pkg FWD, 19VDE1F71DE019207,2013
4, AWD, Twin Turbo Premium Unleaded V-6 3.0 L/183, Majestic White, 27 MPG                                          |                              CITY, Graphite,"Sacramento, CA        "," 1,740","            $38,873          ","             $35,778          ", B11895, 7-Speed Automatic w/OD,,INFINITI Q50 3.0t LUXE AWD, JN1EV7AR4KM551107,2019
5, RWD, Intercooled Turbo Premium Unleaded I-4 2.0 L/121, Black, 34 MPG                                          |                              CITY, Black MB-Tex,"Sacramento, CA        "," 9,543","            $42,945          ","             $36,991          ", B11914, 9-Speed Automatic w/OD,,Mercedes-Benz C 300 RWD, 55SWF8DB1KU294157,2019
6, FWD, Intercooled Turbo Premium Unleaded I-4 2.0 L/121, Night Black, 38 MPG                                          |                              CITY, Black MB-Tex,"Sacramento, CA        "," 21,717","            $30,969          ","             $28,775          ", B11911, 7-Speed Auto-Shift Manual w/OD,,Mercedes-Benz CLA 250 Sport FWD, WDDSJ4EB2GN310175,2016
7, AWD 4MATIC, Twin Turbo Diesel I-4 2.1 L/131, Iridium Silver Metallic, 29 MPG                                          |                              CITY, Black MB-Tex,"Sacramento, CA        "," 20,981","            $34,811          ","             $32,642          ", B11916, 7-Speed Automatic w/OD,,Mercedes-Benz M-Class ML 250 AWD 4MATIC®, 4JGDA0EB5FA520962,2015
8, RWD, Intercooled Turbo Premium Unleaded I-4 2.0 L/121, Black, 34 MPG                                          |                              CITY, Black MB-Tex,"Sacramento, CA        "," 9,037","            $42,945          ","             $39,865          ", B11917, 9-Speed Automatic w/OD,,Mercedes-Benz C 300 RWD, 55SWF8DBXKU294769,2019
9, AWD 4MATIC, Intercooled Turbo Premium Unleaded I-4 2.0 L/121, Polar White, 31 MPG                                          |                              CITY, Black MB-Tex,"Sacramento, CA        "," 9,762","            $39,570          ","             $32,909          ", B11913, 7-Speed Auto-Shift Manual w/OD,,Mercedes-Benz GLA 250 AWD 4MATIC®, WDCTG4GB3KJ549125,2019
10, RWD, Intercooled Turbo Premium Unleaded I-4 2.0 L/121, Polar White, 32 MPG                                          |                              CITY, Bengal Red Premium Leather,"Sacramento, CA        "," 36,167","            $38,330          ","             $35,737          ", B11918, 9-Speed Automatic w/OD,,Mercedes-Benz SLK 300 Sport RWD, WDDPK3JA1GF118637,2016
11, AWD 4MATIC, Twin Turbo Premium Unleaded V-6 3.0 L/183, Polar White, 29 MPG                                          |                              CITY, Cranberry Red Leather,"Sacramento, CA        "," 30,322","            $43,897          ","             $40,443          ", B11920, 7-Speed Automatic w/OD,,Mercedes-Benz C 450 AWD 4MATIC®, 55SWF6EB0GU143966,2016
12, AWD 4MATIC, Intercooled Turbo Premium Unleaded I-4 2.0 L/121, designo Cardinal Red Metallic, 28 MPG                                          |                              CITY, Black MB-Tex,"Sacramento, CA        "," 29,114","            $38,968          ","             $36,890          ", B11937, 9-Speed Automatic w/OD,,Mercedes-Benz GLC 300 Sport AWD 4MATIC®, WDC0G4KB5HF124270,2017
13, RWD, Twin Turbo Premium Unleaded V-8 4.7 L/285, Lunar Blue Metallic, 26 MPG                                          |                              CITY, Silk Beige/Espresso Brown Nappa Leather,"Sacramento, CA        "," 29,133","            $64,916          ","             $62,455          ", B11942, 7-Speed Automatic w/OD,,Mercedes-Benz S 550 Sport RWD, WDDUG8CB2GA218475,2016
14, RWD, Gas V6 3.5L/213, Steel Grey Metallic, 28 MPG                                          |                              CITY, Black Leather,"Sacramento, CA        "," 55,463","            $23,916          ","             $21,871          ", B11948, 7-Speed Automatic w/Manual Shift,,Mercedes-Benz E 350 RWD, WDDKJ5KB3DF192721,2013
15, AWD, Intercooled Turbo Premium Unleaded I-4 2.0 L/122, White, 28 MPG                                          |                              CITY, Beige,"Sacramento, CA        "," 18,787","            $36,821          ","             $33,611          ", B11943, 8-Speed Automatic w/OD,,BMW X3 xDrive28i AWD, 5UXWX9C54H0D97551,2017
16, RWD, Gas/Ethanol V8 5.3L/325, Summit White, 23 MPG                                          |                              CITY, Jet Black,"Sacramento, CA        "," 56,674","            $33,916          ","             $31,872          ", B11958, 6-Speed Automatic,,Jeep Wrangler Unlimited Sport 4WD, 1C4BJWDG8GL159163,2016
17, 4WD, Regular Unleaded V-6 3.6 L/220, Black Clearcoat, 20 MPG                                          |                              CITY, Black,"Sacramento, CA        "," 34,194","            $44,916          ","             $39,455          ", B11857, 5-Speed Automatic w/OD,,Mercedes-Benz GLC 300 AWD 4MATIC®, WDC0G4KB1JV110815,2018
18, AWD 4MATIC, Intercooled Turbo Premium Unleaded I-4 2.0 L/121, Diamond Silver Metallic, 28 MPG                                          |                              CITY, Silk Beige MB-Tex,"Sacramento, CA        "," 3,506","            $39,981          ","             $37,880          ", B11959, 9-Speed Automatic w/OD,,Mercedes-Benz C 300 Sport RWD, WDDWJ4JB0HF514072,2017
0, AWD 4MATIC, Twin Turbo Premium Unleaded V-6 3.0 L/183, Steel Grey Metallic, 29 MPG                                          |                              CITY, MB-Tex/DINAMICA Black w/Red Stitching,"Sacramento, CA        "," 27,493","            $42,881          ","             $39,991          ", B11961, 7-Speed Automatic w/OD,,Mercedes-Benz C 450 AWD 4MATIC®, 55SWF6EB3GU126143,2016
1, AWD 4MATIC, Twin Turbo Premium Unleaded V-6 3.0 L/183, Selenite Grey Metallic, 28 MPG                                          |                              CITY, Crystal Grey Leather,"Sacramento, CA        "," 13,216","            $51,722          ","             $49,991          ", B11964, 9-Speed Automatic w/OD,,Mercedes-Benz C-Class AMG® C 43 Sedan AWD 4MATIC®, 55SWF6EB8HU223694,2017
2, AWD 4MATIC, Intercooled Turbo Premium Unleaded I-4 2.0 L/121, Brilliant Blue Metallic, 30 MPG                                          |                              CITY, Saddle Brown Leather,"Sacramento, CA        "," 14,017","            $51,855          ","             $48,772          ", B11966, 9-Speed Automatic w/OD,,Mercedes-Benz C 300 Sport AWD 4MATIC®, WDDWJ4KB1JF624830,2018
3, RWD, Intercooled Turbo Premium Unleaded I-4 1.8 L/110, Black, 31 MPG                                          |                              CITY, Ash MB-Tex,"Sacramento, CA        "," 63,610","            $18,906          ","             $17,999          ", B11971, 7-Speed Automatic w/OD,,Mercedes-Benz C 250 Sport RWD, WDDGF4HB0EG229504,2014
4, RWD, Gas V8 6.3L/379, Palladium Silver, 19 MPG                                          |                              CITY, Black AMG Premium Leather,"Sacramento, CA        "," 53,125","            $30,817          ","             $29,995          ", B11972, 7-Speed Automatic,,Mercedes-Benz C-Class AMG® C 63 RWD, WDDGF77XX9F221999,2009
5, FWD, Gas V6 3.6L/222.6, Dark Granite Metallic, 27 MPG                                          |                              CITY, Sahara Beige,"Sacramento, CA        "," 22,689","            $30,455          ","             $28,778          ", B11974, 8-Speed Automatic,,Cadillac XT5 FWD FWD, 1GYKNARS9HZ154079,2017
6, RWD, Twin Turbo Premium Unleaded V-8 4.7 L/285, Black, 26 MPG                                          |                              CITY, Black/Black Nappa Leather,"Sacramento, CA        "," 36,755","            $55,861          ","             $52,888          ", B11978, 7-Speed Automatic w/OD,,Mercedes-Benz S 550 RWD, WDDUG8CB2FA166652,2015
7, FWD, Gas I4 2.7L/163, Blue, 27 MPG                                          |                              CITY, TAN,"Sacramento, CA        "," 51,445","            $16,916          ","             $14,991          ", B11977, 6-Speed Automatic,,Toyota Venza FWD, 4T3ZA3BB1BU041966,2011
8, RWD, Gas V6 3.5L/213, Black, 30 MPG                                          |                              CITY, Black MB-Tex,"Sacramento, CA        "," 80,955","            $19,916          ","             $18,921          ", B11983, 7-Speed Automatic,,Mercedes-Benz E 350 RWD, WDDHF5KB2CA567389,2012
9, RWD, Twin Turbo Premium Unleaded V-8 4.7 L/285, designo Diamond White Metallic, 26 MPG                                          |                              CITY, Black/Black Leather,"Sacramento, CA        "," 41,652","            $63,418          ","             $62,000          ", B11981, 9-Speed Automatic w/OD,,Mercedes-Benz S 550 Sport RWD, WDDUG8CB3HA301009,2017
10, RWD, Intercooled Turbo Premium Unleaded I-4 2.0 L/121, Iridium Silver Metallic, 34 MPG                                          |                              CITY, Sport Black MB-Tex,"Sacramento, CA        "," 31,758","            $32,522          ","             $31,203          ", B11984, 7-Speed Automatic w/OD,,Mercedes-Benz C 300 Sport RWD, 55SWF4JBXGU141944,2016
11, RWD, Twin Turbo Premium Unleaded V-6 3.0 L/183, Steel Grey, 29 MPG                                          |                              CITY, Black Leather,"Sacramento, CA        "," 26,051","            $42,506          ","             $41,870          ", B11987, 7-Speed Automatic w/OD,,Mercedes-Benz E 400 RWD, WDDKK6FFXGF342876,2016
12, AWD 4MATIC, Twin Turbo Premium Unleaded V-8 4.7 L/285, Selenite Grey Metallic, 25 MPG                                          |                              CITY, Saddle Brown / Black Semi-Aniline Leather,"Sacramento, CA        "," 22,269","            $58,914          ","             $58,211          ", B11986, 9-Speed Automatic w/OD,,Mercedes-Benz CLS 550 AWD 4MATIC®, WDDLJ9BB0GA160872,2016
13, 4WD, Regular Unleaded V-6 3.5 L/212, Burgundy, 24 MPG                                          |                              CITY, Beige,"Sacramento, CA        "," 81,838","            $24,916          ","             $24,433          ", B12002, 5-Speed Automatic w/OD,,Honda Pilot Touring 4WD, 5FNYF4H97EB046316,2014
14, AWD 4MATIC, Gas V6 3.5L/213, Lunar Blue Metallic, 23 MPG                                          |                              CITY, Almond Beige MB-Tex,"Sacramento, CA        "," 74,068","            $25,916          ","             $25,343          ", B12007, 7-Speed Automatic w/Manual Shift,,Mercedes-Benz M-Class ML 350 AWD 4MATIC®, 4JGDA5HB2DA124042,2013
15, AWD, Twin Turbo Premium Unleaded V-6 3.0 L/182, White, 25 MPG                                          |                              CITY, RED,"Sacramento, CA        "," 17,873","            $36,916          ","             $36,333          ", B12004, 8-Speed Automatic w/OD,,Maserati Ghibli S Q4 AWD, ZAM57RTA8E1124024,2014
16, 4WD, Regular Unleaded V-8 5.7 L/345, Billet Silver Metallic Clearcoat, 22 MPG                                          |                              CITY, Black,"Sacramento, CA        "," 29,516","            $42,916          ","             $42,321          ", B12006, 8-Speed Automatic w/OD,,Jeep Grand Cherokee High Altitude 4WD, 1C4RJFCT4JC151789,2018
17, RWD, Twin Turbo Premium Unleaded V-6 3.0 L/183, designo Diamond White Metallic, 26 MPG                                          |                              CITY, Saddle Brown/ Black Leather,"Sacramento, CA        "," 13,400","            $63,916          ","             $62,555          ", B12011, 9-Speed Automatic w/OD,,Mercedes-Benz E 400 Sport RWD, WDD1K6FB8JF069646,2018
18, FWD, Regular Unleaded I-4 2.5 L/152, BLACK, 35 MPG                                          |                              CITY, Black,"Sacramento, CA        "," 50,346","            $36,419          ","             $35,987          ", B12013, 6-Speed Automatic w/OD,,Mercedes-Benz E 400 RWD, WDDKK6FF9FF302304,2015
0, AWD 4MATIC, Twin Turbo Premium Unleaded V-6 3.0 L/183, Black, 28 MPG                                          |                              CITY, Cranberry Red Leather,"Sacramento, CA        "," 14,949","            $51,219          ","             $50,778          ", B12012, 9-Speed Automatic w/OD,,Mercedes-Benz C-Class AMG® C 43 Coupe AWD 4MATIC®, WDDWJ6EB4HF486850,2017
1, AWD 4MATIC, Twin Turbo Premium Unleaded V-6 3.0 L/183, designo Cardinal Red Metallic, 24 MPG                                          |                              CITY, Saddle Brown Leather,"Sacramento, CA        "," 17,186","            $61,771          ","             $61,000          ", B12016, 9-Speed Automatic w/OD,,Mercedes-Benz AMG® GLC 43 SUV AWD 4MATIC®, WDC0G6EB7JF410604,2018
2, RWD, Intercooled Turbo Premium Unleaded I-4 2.0 L/121, Black, 34 MPG                                          |                              CITY, Black MB-Tex,"Sacramento, CA        "," 9,177","            $42,945          ","             $39,741          ", B12019, 9-Speed Automatic w/OD,,Mercedes-Benz C 300 RWD, 55SWF8DB1KU293834,2019
3, AWD 4MATIC, Intercooled Turbo Premium Unleaded I-4 2.0 L/121, Night Black, 29 MPG                                          |                              CITY, Black Leather,"Sacramento, CA        "," 37,480","            $39,995          ","             $32,969          ", B12022, 7-Speed Auto-Shift Manual w/OD,,Mercedes-Benz AMG® GLA 45 SUV AWD 4MATIC®, WDDTG5CB2FJ028118,2015
4, RWD, Intercooled Turbo Premium Unleaded I-4 2.0 L/121, Polar White, 34 MPG                                          |                              CITY, Silk Beige MB-Tex,"Sacramento, CA        "," 8,155","            $42,945          ","             $39,654          ", B12017, 9-Speed Automatic w/OD,,Mercedes-Benz C 300 RWD, 55SWF8DB3KU296038,2019
5, RWD, Intercooled Turbo Premium Unleaded I-4 2.0 L/121, Emerald Green Metallic, 34 MPG                                          |                              CITY, Silk Beige MB-Tex,"Sacramento, CA        "," 8,167","            $45,095          ","             $41,819          ", B12020, 9-Speed Automatic w/OD,,Mercedes-Benz C 300 RWD, 55SWF8DB4KU287638,2019
6, RWD, Intercooled Turbo Premium Unleaded I-4 2.0 L/121, Polar White, 34 MPG                                          |                              CITY, Silk Beige MB-Tex,"Sacramento, CA        "," 8,862","            $42,945          ","             $39,421          ", B12018, 9-Speed Automatic w/OD,,Mercedes-Benz C 300 RWD, 55SWF8DB8KU295516,2019
7, FWD, Intercooled Turbo Premium Unleaded I-4 2.0 L/121, Cirrus White, 35 MPG                                          |                              CITY, Black MB-Tex,"Sacramento, CA        "," 49,792","            $27,991          ","             $25,990          ", B12023, 7-Speed Auto-Shift Manual w/OD,,Mercedes-Benz GLA 250 FWD, WDCTG4EB7GJ266334,2016
8, FWD, Intercooled Turbo Premium Unleaded I-4 2.0 L/121, Jupiter Red, 33 MPG                                          |                              CITY, Black MB-Tex,"Sacramento, CA        "," 26,181","            $33,989          ","             $33,205          ", B12021, 7-Speed Auto-Shift Manual w/OD,,Mercedes-Benz GLA 250 Sport FWD, WDCTG4EB3HJ289384,2017
9, RWD, Intercooled Turbo Premium Unleaded I-4 2.0 L/121, Polar White, 34 MPG                                          |                              CITY, Silk Beige MB-Tex,"Sacramento, CA        "," 11,478","            $42,945          ","             $33,991          ", B12025, 9-Speed Automatic w/OD,,Mercedes-Benz C 300 RWD, 55SWF8DB5KU294064,2019
10, FWD, Intercooled Turbo Premium Unleaded I-4 2.0 L/121, Jupiter Red, 38 MPG                                          |                              CITY, Black MB-Tex w/ DINAMICA,"Sacramento, CA        "," 33,045","            $29,909          ","             $29,413          ", B12024, 7-Speed Auto-Shift Manual w/OD,,Mercedes-Benz CLA 250 FWD, WDDSJ4EB6GN386935,2016
11, AWD 4MATIC, Intercooled Turbo Premium Unleaded I-4 2.0 L/121, Black, 29 MPG                                          |                              CITY, Black MB-Tex,"Sacramento, CA        "," 25,289","            $43,916          ","             $42,456          ", B12027, 9-Speed Automatic w/OD,,Mercedes-Benz E 300 AWD 4MATIC®, WDDZF4KB6HA011169,2017
0, RWD, Intercooled Turbo Diesel V-6 3.0 L/182, ARTIC WHITE,, Black/White,"Rocklin, CA        ", 10,"            $53,240          ","             $51,000          ", U11308, 7-Speed Automatic w/OD,0.0,Freightliner F2CA76 F2CA76 RWD, WDRPF1CD6KT000488,2019
1, RWD, Intercooled Turbo Diesel V-6 3.0 L/182, ARTIC WHITE,, Black/White,"Rocklin, CA        ", 10,"            $53,240          ","             $50,989          ", U11361, 7-Speed Automatic w/OD,1.0,Freightliner F2CA76 F2CA76 RWD, WDRPF1CD2KT000813,2019
2, FWD, Intercooled Turbo Premium Unleaded I-4 2.0 L/121, Cocoa Brown Metallic, 37 MPG                                          |                              CITY, Sahara Beige MB-Tex,"Rocklin, CA        "," 7,325","            $39,740          ","             $33,000          ", U11203, 7-Speed Auto-Shift Manual w/OD,2.0,Mercedes-Benz CLA 250 FWD, WDDSJ4EB8KN717667,2019
3, RWD, Intercooled Turbo Diesel V-6 3.0 L/182, ARCTIC WHITE,, Black,"Rocklin, CA        ", 253,"            $48,116          ","             $46,000          ", U11522, 7-Speed Automatic w/OD,3.0,Freightliner Sprinter Cargo Van F2CA76, WDYPF1CD5KT003399,2019
4, AWD 4MATIC, Intercooled Turbo Premium Unleaded I-4 2.0 L/121, Polar White, 27 MPG                                          |                              CITY, Black MB-Tex,"Rocklin, CA        "," 10,377","            $53,637          ","             $47,700          ", U11469, 9-Speed Automatic w/OD,4.0,Mercedes-Benz GLC 300 AWD 4MATIC®, WDC0J4KB1JF405750,2018
5, 4WD, Intercooled Supercharger Premium Unleaded V-8 5.0 L/305, Gray, 19 MPG                                          |                              CITY, Black,"Rocklin, CA        "," 32,994","            $57,000          ","             $53,500          ", U11470, 8-Speed Automatic w/OD,5.0,Land Rover Range Rover Sport RANGEROVER 4WD, SALWR2EF8GA576456,2016
6, RWD, Premium Unleaded V-6 3.7 L/226, Graphite Shadow, 30 MPG                                          |                              CITY, Graphite,"Rocklin, CA        "," 48,822","            $23,000          ","             $19,000          ", U11507, 7-Speed Automatic w/OD,6.0,INFINITI Q50 QX50 RWD, JN1BV7AP0FM347380,2015
7, RWD, Twin Turbo Premium Unleaded V-6 3.0 L/183, designo Diamond White, 29 MPG                                          |                              CITY, Natural Beige/Black Nappa Leather,"Rocklin, CA        "," 47,270","            $45,000          ","             $41,000          ", U11511, 7-Speed Automatic w/OD,7.0,Mercedes-Benz E 400 Sport RWD, WDDKK6FF8HF351013,2017
8, AWD 4MATIC, Intercooled Turbo Premium Unleaded I-4 2.0 L/121, Diamond Silver Metallic, 31 MPG                                          |                              CITY, Crystal Grey MB-Tex,"Rocklin, CA        "," 20,649","            $36,995          ","             $33,995          ", U11516, 7-Speed Automatic w/OD,8.0,Mercedes-Benz C 300 AWD 4MATIC®, 55SWF4KB0HU206767,2017
9, RWD, Twin Turbo Premium Unleaded V-6 3.0 L/183, Black, 27 MPG                                          |                              CITY, Black Nappa Leather,"Rocklin, CA        "," 13,998","            $55,995          ","             $52,000          ", U11517, 7-Speed Automatic w/OD,9.0,Mercedes-Benz SL 400 RWD, WDDJK6FA5FF033962,2015
10, RWD, Intercooled Turbo Premium Unleaded I-4 2.0 L/121, Mojave Silver Metallic, 27 MPG                                          |                              CITY, Black MB-Tex,"Rocklin, CA        "," 8,649","            $49,485          ","             $43,995          ", U11519, 9-Speed Automatic w/OD,10.0,Mercedes-Benz GLC 300 RWD, WDC0G4JB4KV151037,2019
11, RWD, Intercooled Turbo Premium Unleaded I-4 2.0 L/121, Mojave Silver Metallic, 27 MPG                                          |                              CITY, Black MB-Tex,"Rocklin, CA        "," 8,633","            $46,525          ","             $42,600          ", U11520, 9-Speed Automatic w/OD,11.0,Mercedes-Benz GLC 300 RWD, WDC0G4JB0KV144036,2019
12, RWD, Premium Unleaded V-6 3.5 L/213, Steel Grey Metallic, 29 MPG                                          |                              CITY, Black MB-Tex,"Rocklin, CA        "," 35,007","            $31,995          ","             $29,995          ", U11518, 7-Speed Automatic w/OD,12.0,Mercedes-Benz E 350 Sport RWD, WDDHF5KB5GB196339,2016
13, RWD, Premium Unleaded V-6 3.5 L/213, designo Cardinal Red Metallic, 29 MPG                                          |                              CITY, Sahara Beige Leather,"Rocklin, CA        "," 21,939","            $41,000          ","             $36,895          ", U11510, 7-Speed Automatic w/OD,13.0,Mercedes-Benz SLK 350 Sport RWD, WDDPK5HA2GF124786,2016
14,, Gas Flat 6-cyl 3.6L/219, Red, 23 MPG                                          |                              CITY, COCO,"Rocklin, CA        "," 26,841","            $73,453          ","             $69,000          ", U11524,,14.0,Porsche 911 911 T, WP0AD299X8S783611,2008
15, FWD, Regular Unleaded V-6 3.5 L/211, White, 30 MPG                                          |                              CITY, Beige,"Rocklin, CA        "," 10,420","            $38,718          ","             $35,995          ", U11526, 6-Speed Automatic w/OD,15.0,Lexus ES ES 350 FWD, 58ABK1GG5JU106423,2018
16, RWD, Twin Turbo Premium Unleaded V-8 4.7 L/285, Dune Silver, 26 MPG                                          |                              CITY, Silk Beige/Espresso Brown Nappa Leather,"Rocklin, CA        "," 13,893","            $49,829          ","             $46,000          ", U11537, 7-Speed Automatic w/OD,16.0,Mercedes-Benz E 550 RWD, WDDKK7DF9GF331568,2016
17, RWD, Intercooled Turbo Premium Unleaded I-4 2.0 L/121, Polar White, 34 MPG                                          |                              CITY, Silk Beige MB-Tex,"Rocklin, CA        "," 27,031","            $30,356          ","             $27,500          ", U11539, 7-Speed Automatic w/OD,17.0,Mercedes-Benz C 300 RWD, 55SWF4JB1GU165212,2016
18, RWD, Intercooled Turbo Premium Unleaded I-4 2.0 L/121, Diamond White Metallic, 30 MPG                                          |                              CITY, Macchiato Beige/ Black MB-Tex,"Rocklin, CA        "," 33,409","            $40,069          ","             $38,995          ", U11530, 9-Speed Automatic w/OD,18.0,Mercedes-Benz E 300 RWD, WDDZF4JB2HA046311,2017
19, FWD, Intercooled Turbo Premium Unleaded I-4 2.0 L/121, Cirrus White, 38 MPG                                          |                              CITY, Black MB-Tex,"Rocklin, CA        "," 23,561","            $28,749          ","             $27,000          ", U11543, 7-Speed Auto-Shift Manual w/OD,19.0,Mercedes-Benz CLA 250 Sport FWD, WDDSJ4EB3GN369574,2016
20, RWD, Intercooled Turbo Premium Unleaded I-4 2.0 L/121, Polar White, 30 MPG                                          |                              CITY, Black,"Rocklin, CA        "," 30,004","            $37,300          ","             $36,500          ", U11606, 7-Speed Automatic w/OD,0.0,Mercedes-Benz C 300 RWD, WDDWJ4JB2HF417911,2017
21, RWD, Premium Unleaded V-6 3.5 L/213, designo Cardinal Red Metallic, 29 MPG                                          |                              CITY, Sahara Beige Leather,"Rocklin, CA        "," 21,939","            $41,000          ","             $36,895          ", U11510, 7-Speed Automatic w/OD,1.0,Mercedes-Benz SLK 350 Sport RWD, WDDPK5HA2GF124786,2016
22, RWD, Premium Unleaded V-6 3.5 L/213, Dakota Brown Metallic, 24 MPG                                          |                              CITY, Espresso Brown/Ginger Beige MB-Tex,"Rocklin, CA        "," 21,957","            $37,995          ","             $37,000          ", U11604, 7-Speed Automatic w/OD,2.0,Mercedes-Benz GLE 350 RWD, 4JGDA5JB6GA657624,2016
23, AWD 4MATIC, Intercooled Turbo Premium Unleaded I-4 2.0 L/121, Polar White, 31 MPG                                          |                              CITY, Sahara Beige,"Rocklin, CA        "," 8,572","            $40,125          ","             $38,000          ", U11624, 7-Speed Auto-Shift Manual w/OD,3.0,Mercedes-Benz GLA 250 AWD 4MATIC®, WDCTG4GB3KJ576857,2019
24, RWD, Twin Turbo Premium Unleaded V-6 3.0 L/183, designo Diamond White, 29 MPG                                          |                              CITY, Natural Beige/Black Nappa Leather,"Rocklin, CA        "," 35,203","            $40,147          ","             $38,500          ", U11558, 7-Speed Automatic w/OD,4.0,Mercedes-Benz E 400 Sport RWD, WDDKJ6FB6HF353939,2017
25, RWD, Intercooled Turbo Premium Unleaded I-4 2.0 L/121, Diamond White Metallic, 30 MPG                                          |                              CITY, Macchiato Beige/ Black MB-Tex,"Rocklin, CA        "," 33,409","            $40,069          ","             $38,995          ", U11530, 9-Speed Automatic w/OD,5.0,Mercedes-Benz E 300 RWD, WDDZF4JB2HA046311,2017
26, RWD, Intercooled Turbo Premium Unleaded I-4 2.0 L/121, designo Cardinal Red Metallic, 27 MPG                                          |                              CITY, Silk Beige MB-Tex,"Rocklin, CA        "," 8,423","            $46,695          ","             $39,995          ", U11577, 9-Speed Automatic w/OD,6.0,Mercedes-Benz GLC 300 RWD, WDC0G4JBXKF510322,2019
27, RWD, Twin Turbo Premium Unleaded V-6 3.0 L/183, designo Diamond White Metallic, 30 MPG                                          |                              CITY, Saddle Brown / Black Leather,"Rocklin, CA        "," 38,575","            $41,995          ","             $39,995          ", U11593, 7-Speed Automatic w/OD,7.0,Mercedes-Benz CLS 400 RWD, WDDLJ6FB9GA162693,2016
28, FWD, Intercooled Turbo Premium Unleaded I-4 2.0 L/121, Mountain Grey Metallic, 35 MPG                                          |                              CITY, Titanium Grey/Black Leather,"Rocklin, CA        ", 345,"            $45,200          ","             $39,995          ", U11553, 7-Speed Auto-Shift Manual w/OD,8.0,Mercedes-Benz A 220 FWD, WDD3G4EB4KW002222,2019
29, RWD, Twin Turbo Premium Unleaded V-6 3.0 L/183, designo Diamond White, 29 MPG                                          |                              CITY, Natural Beige/Black Nappa Leather,"Rocklin, CA        "," 47,270","            $45,000          ","             $41,000          ", U11511, 7-Speed Automatic w/OD,9.0,Mercedes-Benz E 400 Sport RWD, WDDKK6FF8HF351013,2017
30, RWD, Intercooled Turbo Premium Unleaded I-4 2.0 L/121, Mojave Silver Metallic, 34 MPG                                          |                              CITY, Magma Grey,"Rocklin, CA        ", 0,"            $45,095          ","             $41,000          ", U11625, 9-Speed Automatic w/OD,10.0,Mercedes-Benz C 300 RWD, 55SWF8DB4KU296369,2019
31, RWD, Intercooled Turbo Premium Unleaded I-4 2.0 L/121, Mojave Silver Metallic, 27 MPG                                          |                              CITY, Black MB-Tex,"Rocklin, CA        "," 8,633","            $46,525          ","             $42,600          ", U11520, 9-Speed Automatic w/OD,11.0,Mercedes-Benz GLC 300 RWD, WDC0G4JB0KV144036,2019
32, RWD, Twin Turbo Premium Unleaded V-8 4.7 L/285, Polar White, 26 MPG                                          |                              CITY, Natural Beige/Black,"Rocklin, CA        "," 40,867","            $44,500          ","             $43,500          ", U11619, 7-Speed Automatic w/OD,12.0,Mercedes-Benz E 550 RWD, WDDKK7DF6GF339790,2016
33, RWD, Intercooled Turbo Premium Unleaded I-4 2.0 L/121, Mojave Silver Metallic, 27 MPG                                          |                              CITY, Black MB-Tex,"Rocklin, CA        "," 8,649","            $49,485          ","             $43,995          ", U11519, 9-Speed Automatic w/OD,13.0,Mercedes-Benz GLC 300 RWD, WDC0G4JB4KV151037,2019
34, AWD 4MATIC, Intercooled Turbo Premium Unleaded I-4 2.0 L/121, Selenite Grey Metallic, 27 MPG                                          |                              CITY, Black MB-Tex,"Rocklin, CA        "," 8,107","            $49,635          ","             $45,000          ", U11574, 9-Speed Automatic w/OD,14.0,Mercedes-Benz GLC 300 AWD 4MATIC®, WDC0G4KB4K1001547,2019
35, AWD 4MATIC, Intercooled Turbo Premium Unleaded I-4 2.0 L/121, Selenite Grey Metallic, 27 MPG                                          |                              CITY, Black MB-Tex,"Rocklin, CA        "," 7,356","            $49,635          ","             $45,000          ", U11573, 9-Speed Automatic w/OD,15.0,Mercedes-Benz GLC 300 AWD 4MATIC®, WDC0G4KB2K1001515,2019
36, RWD, Intercooled Turbo Premium Unleaded I-4 2.0 L/121, Polar White, 34 MPG                                          |                              CITY, AMG Black MB-Tex,"Rocklin, CA        "," 8,457","            $49,325          ","             $46,000          ", U11578, 9-Speed Automatic w/OD,16.0,Mercedes-Benz C 300 Sport RWD, 55SWF8DB0KU303611,2019
37, RWD, Twin Turbo Premium Unleaded V-8 4.7 L/285, Dune Silver, 26 MPG                                          |                              CITY, Silk Beige/Espresso Brown Nappa Leather,"Rocklin, CA        "," 13,893","            $49,829          ","             $46,000          ", U11537, 7-Speed Automatic w/OD,17.0,Mercedes-Benz E 550 RWD, WDDKK7DF9GF331568,2016
38, RWD, Intercooled Turbo Premium Unleaded I-4 2.0 L/121, Black, 34 MPG                                          |                              CITY, Black,"Rocklin, CA        ", 0,"            $53,637          ","             $47,700          ", U11469, 9-Speed Automatic w/OD,18.0,Mercedes-Benz GLC 300 AWD 4MATIC®, WDC0J4KB1JF405750,2018
39, AWD 4MATIC, Twin Turbo Premium Unleaded V-6 3.0 L/183, Polar White, 22 MPG                                          |                              CITY, Ginger Beige/Espresso Brown MB-Tex,"Rocklin, CA        "," 37,167","            $50,280          ","             $49,500          ", U11603, 9-Speed Automatic w/OD,0.0,Mercedes-Benz GLS 450 AWD 4MATIC®, 4JGDF6EE3HA743244,2017
40, AWD 4MATIC, Intercooled Turbo Diesel V-6 3.0 L/182, Steel Grey Metallic, 26 MPG                                          |                              CITY, Black MB-Tex,"Rocklin, CA        "," 22,411","            $50,947          ","             $49,500          ", U11562, 7-Speed Automatic w/OD,1.0,Mercedes-Benz GL 350 AWD 4MATIC®, 4JGDF2EE0GA702691,2016
41, RWD, Intercooled Turbo Premium Unleaded I-4 2.0 L/121, Polar White, 34 MPG                                          |                              CITY, Silk Beige MB-Tex,"Rocklin, CA        "," 7,961","            $51,195          ","             $49,800          ", U11576, 9-Speed Automatic w/OD,2.0,Mercedes-Benz C 300 RWD, 55SWF8DB5KU300526,2019
42, RWD, Twin Turbo Premium Unleaded V-6 3.0 L/183, Lunar Blue, 27 MPG                                          |                              CITY, Porcelain / Black Nappa Leather,"Rocklin, CA        "," 40,608","            $50,825          ","             $49,900          ", U11602, 7-Speed Automatic w/OD,3.0,Mercedes-Benz SL 400 RWD, WDDJK6FA8FF037388,2015
43, RWD, Twin Turbo Premium Unleaded V-8 4.7 L/285, Black, 26 MPG                                          |                              CITY, Black/Black Nappa Leather,"Rocklin, CA        "," 31,777","            $55,995          ","             $52,000          ", U11517, 7-Speed Automatic w/OD,4.0,Mercedes-Benz SL 400 RWD, WDDJK6FA5FF033962,2015
44, RWD, Twin Turbo Premium Unleaded V-6 3.0 L/183, Black, 27 MPG                                          |                              CITY, Black Nappa Leather,"Rocklin, CA        "," 13,998","            $59,705          ","             $55,000          ", U11560, 7-Speed Automatic w/OD,5.0,Mercedes-Benz GLC 350 AWD 4MATIC®, WDC0G5EB6KF495057,2019
45, AWD 4MATIC, Intercooled Turbo Gas/Electric I-4 2.0 L/121, Selenite Grey Metallic,, Black MB-Tex,"Rocklin, CA        "," 8,672","            $60,000          ","             $59,000          ", U11613, 7-Speed Automatic w/OD,6.0,Mercedes-Benz AMG® GL 63 SUV AWD 4MATIC®, 4JGDF7EE8FA518627,2015
46, AWD 4MATIC, Twin Turbo Premium Unleaded V-8 5.5 L/333, Black, 17 MPG                                          |                              CITY, Black Leather,"Rocklin, CA        "," 53,236","            $70,000          ","             $69,000          ", U11600, 7-Speed Automatic w/OD,7.0,Mercedes-Benz SL 450 RWD, WDDJK6GA9HF047073,2017
47, RWD, Twin Turbo Premium Unleaded V-6 3.0 L/183, designo Cardinal Red Metallic, 26 MPG                                          |                              CITY, designo Macchiato Beige/ Titian Red Nappa Leather,"Rocklin, CA        "," 18,410","            $75,000          ","             $74,000          ", U11590, 9-Speed Automatic w/OD,8.0,Mercedes-Benz SL 450 RWD, WDDJK6GA8JF051198,2018
48, RWD, Twin Turbo Premium Unleaded V-6 3.0 L/183, Selenite Grey Metallic, 28 MPG                                          |                              CITY, Crystal Grey/Black Leather,"Rocklin, CA        "," 18,845","            $77,000          ","             $76,000          ", U11591, 9-Speed Automatic w/OD,9.0,Mercedes-Benz AMG® CLS 63S Coupe AWD 4MATIC®, WDDLJ7GB1GA186765,2016
49, RWD, Twin Turbo Premium Unleaded V-6 3.0 L/183, Magnetite Black Metallic, 28 MPG                                          |                              CITY, Porcelain/Black Exclusive Nappa Leather,"Rocklin, CA        ", 0,"            $99,000          ","             $98,000          ", U11580, 9-Speed Automatic w/OD,10.0,Mercedes-Benz S-Class AMG® S 63 Long Wheelbase 4MATIC® AWD 4MATIC®, WDDUG8JB0JA393074,2018
50, AWD 4MATIC, Twin Turbo Premium Unleaded V-8 5.5 L/333, designo Diamond White Metallic, 22 MPG                                          |                              CITY, designo Classic Red/Black Semi-Aniline Leather,"Rocklin, CA        ", 0,"            $19,995          ","             $16,500          ", U11596, 7-Speed Automatic w/OD,11.0,INFINITI Q40 Q40 RWD, JN1CV6AP2FM502963,2015
51, AWD 4MATIC, Twin Turbo Premium Unleaded V-8 4.0 L/243, Black, 26 MPG                                          |                              CITY, Black Exclusive Nappa Leather,"Rocklin, CA        ", 0,"            $23,000          ","             $19,000          ", U11507, 9-Speed Automatic w/OD,12.0,INFINITI Q50 QX50 RWD, JN1BV7AP0FM347380,2015
52, RWD, Premium Unleaded V-6 3.7 L/226, Moonlight White, 27 MPG                                          |                              CITY, Graphite,"Rocklin, CA        "," 18,770","            $21,995          ","             $21,000          ", U11571, 7-Speed Automatic w/OD,13.0,Toyota Avalon AVALON FWD, 4T1BK1EB2FU192098,2015
53, RWD, Premium Unleaded V-6 3.7 L/226, Graphite Shadow, 30 MPG                                          |                              CITY, Graphite,"Rocklin, CA        "," 48,822","            $23,000          ","             $22,000          ", U11599, 7-Speed Automatic w/OD,14.0,Nissan 370Z Touring RWD, JN1AZ4FH7CM370599,2012
54, FWD, Regular Unleaded V-6 3.5 L/211, Gray, 31 MPG                                          |                              CITY, Beige,"Rocklin, CA        "," 40,071","            $25,000          ","             $23,995          ", U11572, 6-Speed Automatic w/OD,15.0,Audi Q3 Premium AWD, WA1ECCFS7HR002644,2017
55, RWD, Gas V6 3.7L/, Gun Metallic, 25 MPG                                          |                              CITY, Black,"Rocklin, CA        "," 40,674","            $28,000          ","             $27,000          ", U11598, 7-Speed Automatic w/OD,16.0,GMC Yukon SLT 4WD, 1GKS2BKC3GR286863,2016
56, AWD, Intercooled Turbo Premium Unleaded I-4 2.0 L/121, Gray, 28 MPG                                          |                              CITY, Black,"Rocklin, CA        "," 41,048","            $30,000          ","             $29,500          ", U11568, 6-Speed Automatic w/OD,17.0,Ford Mustang MUSTANG GT RWD, 1FA6P8CF9F5339393,2015
57, FWD, Regular Unleaded V-6 3.5 L/211, White, 30 MPG                                          |                              CITY, Beige,"Rocklin, CA        "," 10,420","            $38,718          ","             $35,995          ", U11526, 6-Speed Automatic w/OD,0.0,Lexus ES ES 350 FWD, 58ABK1GG5JU106423,2018
58, AWD, Premium Unleaded V-6 3.5 L/212, White, 26 MPG                                          |                              CITY, Beige,"Rocklin, CA        "," 43,516","            $37,000          ","             $36,000          ", U11616, 9-Speed Automatic w/OD,1.0,Acura MDX w/Advance Pkg AWD, 5FRYD4H82HB029519,2017
59, RWD, Premium Unleaded H-6 2.7 L/165, GT Silver Metallic, 30 MPG                                          |                              CITY, Black,"Rocklin, CA        "," 35,241","            $41,995          ","             $39,990          ", U11584,,2.0,Porsche Cayman CAYMEN RWD, WP0AA2A87FK161430,2015
60, RWD, Intercooled Turbo Diesel V-6 3.0 L/182, ARCTIC WHITE,, Black,"Rocklin, CA        ", 253,"            $48,116          ","             $46,000          ", U11522, 7-Speed Automatic w/OD,3.0,Freightliner Sprinter Cargo Van F2CA76, WDYPF1CD5KT003399,2019
61, RWD, Intercooled Turbo Diesel V-6 3.0 L/182, ARTIC WHITE,, Black/White,"Rocklin, CA        ", 10,"            $53,240          ","             $50,989          ", U11361, 7-Speed Automatic w/OD,4.0,Freightliner F2CA76 F2CA76 RWD, WDRPF1CD2KT000813,2019
62, RWD, Intercooled Turbo Diesel V-6 3.0 L/182, ARTIC WHITE,, Black/White,"Rocklin, CA        ", 10,"            $53,240          ","             $51,000          ", U11308, 7-Speed Automatic w/OD,5.0,Freightliner F2CA76 F2CA76 RWD, WDRPF1CD6KT000488,2019
63, 4WD, Intercooled Supercharger Premium Unleaded V-8 5.0 L/305, Gray, 19 MPG                                          |                              CITY, Black,"Rocklin, CA        "," 32,994","            $57,000          ","             $53,500          ", U11470, 8-Speed Automatic w/OD,6.0,Land Rover Range Rover Sport RANGEROVER 4WD, SALWR2EF8GA576456,2016
64, RWD, Gas V8 6.2L/376, Arctic White, 26 MPG                                          |                              CITY, Adrenaline Red,"Rocklin, CA        "," 1,263","            $59,000          ","             $56,995          ", U11589, 8-Speed Automatic,7.0,Chevrolet Corvette Z51 2LT RWD, 1G1YK3D76H5122651,2017
65, RWD, Gas V8 6.2L/376, Watkins Glen Gray Metallic, 25 MPG                                          |                              CITY, Jet Black,"Rocklin, CA        "," 3,515","            $69,000          ","             $68,000          ", U11611, 8-Speed Automatic,8.0,Chevrolet Corvette Grand Sport 3LT RWD, 1G1Y12D72K5101736,2019
66,, Gas Flat 6-cyl 3.6L/219, Red, 23 MPG                                          |                              CITY, COCO,"Rocklin, CA        "," 26,841","            $73,453          ","             $69,000          ", U11524,,9.0,Porsche 911 911 T, WP0AD299X8S783611,2008
0, Front Wheel Drive, Intercooled Turbo Premium Unleaded I-4 2.0 L/121, Mountain Grey, 37 MPG                                          |                              CITY, Black MB-Tex,"El Dorado Hills, CA        "," 9,188","            $38,240          ","             $32,578          ", R20899, 7-Speed Auto-Shift Manual w/OD,0.0,Mercedes-Benz CLA 250 Front Wheel Drive, WDDSJ4EBXKN742067,2019
1, AWD 4MATIC®, Intercooled Turbo Premium Unleaded I-4 2.0 L/121, Polar White, 31 MPG                                          |                              CITY, Black MB-Tex,"El Dorado Hills, CA        "," 5,814","            $39,395          ","             $34,298          ", R20910, 7-Speed Auto-Shift Manual w/OD,1.0,Mercedes-Benz GLA 250 AWD 4MATIC®, WDCTG4GB9KJ551848,2019
2, Front Wheel Drive, Intercooled Turbo Premium Unleaded I-4 2.0 L/121, Night Black, 37 MPG                                          |                              CITY, Black MB-Tex,"El Dorado Hills, CA        "," 5,798","            $35,145          ","             $32,452          ", R20964, 7-Speed Auto-Shift Manual w/OD,2.0,Mercedes-Benz CLA 250 Front Wheel Drive, WDDSJ4EB5KN708246,2019
3, AWD 4MATIC®, Intercooled Turbo Premium Unleaded I-4 2.0 L/121, Brilliant Blue Metallic, 28 MPG                                          |                              CITY, Black MB-Tex,"El Dorado Hills, CA        "," 4,985","            $47,991          ","             $39,995          ", R20979, 9-Speed Automatic w/OD,3.0,Mercedes-Benz GLC 300 AWD 4MATIC®, WDC0G4KB8JV070443,2018
4, Rear Wheel Drive, Intercooled Turbo Premium Unleaded I-4 2.0 L/121, Black, 33 MPG                                          |                              CITY, Silk Beige MB-Tex,"El Dorado Hills, CA        "," 6,866","            $45,175          ","             $36,892          ", R20811, 9-Speed Automatic w/OD,4.0,Mercedes-Benz C 300 Rear Wheel Drive, 55SWF4JB3JU280062,2018
5, AWD 4MATIC®, Twin Turbo Premium Unleaded V-6 3.0 L/183, Black, 23 MPG                                          |                              CITY, Black MB-Tex,"El Dorado Hills, CA        "," 9,334","            $61,650          ","             $51,983          ", R20987, 9-Speed Automatic w/OD,5.0,Mercedes-Benz GLE 400 AWD 4MATIC®, 4JGDA5GB7KB212111,2019
6, Front Wheel Drive, Intercooled Turbo Premium Unleaded I-4 2.0 L/121, Night Black, 37 MPG                                          |                              CITY, Black MB-Tex,"El Dorado Hills, CA        "," 5,006","            $39,095          ","             $34,332          ", R20990, 7-Speed Auto-Shift Manual w/OD,6.0,Mercedes-Benz CLA 250 Front Wheel Drive, WDDSJ4EB5KN714435,2019
7, Rear Wheel Drive, Intercooled Turbo Premium Unleaded I-4 2.0 L/121, Emerald Green Metallic, 34 MPG                                          |                              CITY, Silk Beige MB-Tex,"El Dorado Hills, CA        "," 7,405","            $45,095          ","             $38,079          ", R20988, 9-Speed Automatic w/OD,7.0,Mercedes-Benz C 300 Rear Wheel Drive, 55SWF8DB9KU286789,2019
8, AWD 4MATIC®, Twin Turbo Premium Unleaded V-6 3.0 L/183, Polar White, 22 MPG                                          |                              CITY, Black MB-Tex,"El Dorado Hills, CA        "," 7,881","            $79,520          ","             $67,922          ", R20986, 9-Speed Automatic w/OD,8.0,Mercedes-Benz GLS 450 AWD 4MATIC®, 4JGDF6EE3KB205371,2019
9, Rear Wheel Drive, Intercooled Turbo Gas/Electric I-4 2.0 L/121, Black,, Black MB-Tex,"El Dorado Hills, CA        "," 20,070","            $33,995          ","             $26,992          ", R20992, 7-Speed Automatic w/OD,9.0,Mercedes-Benz C 350 Rear Wheel Drive, 55SWF4HB3GU152726,2016
10, AWD, Twin Turbo Premium Unleaded V-8 4.4 L/268, BLACK, 24 MPG                                          |                              CITY, Brown,"El Dorado Hills, CA        "," 29,928","            $69,995          ","             $64,322          ", R21005, 8-Speed Automatic w/OD,10.0,BMW 6 Series ALPINA B6 G/CP AWD AWD, WBA6D6C54GGK18191,2016
11, Rear Wheel Drive, Twin Turbo Premium Unleaded V-8 4.7 L/285, Selenite Grey Metallic, 26 MPG                                          |                              CITY, Black Leather w/ white contrast stitching,"El Dorado Hills, CA        "," 40,272","            $54,991          ","             $49,222          ", R21011, 9-Speed Automatic w/OD,11.0,Mercedes-Benz CLS 550 Rear Wheel Drive, WDDLJ7DB3GA164982,2016
12, FWD, Gas/Electric I-4 2.5 L/152, Gray, 39 MPG                                          |                              CITY, Black,"El Dorado Hills, CA        "," 32,578","            $35,995          ","             $31,422          ", R21024, 1-Speed CVT w/OD,12.0,Lexus ES ES 300h FWD, JTHBW1GG7H2138004,2017
13, Front Wheel Drive, Intercooled Turbo Premium Unleaded I-4 2.0 L/121, Cirrus White, 37 MPG                                          |                              CITY, Black MB-Tex,"El Dorado Hills, CA        "," 8,964","            $32,995          ","             $28,992          ", R21031, 7-Speed Auto-Shift Manual w/OD,13.0,Mercedes-Benz CLA 250 Front Wheel Drive, WDDSJ4EB7JN536137,2018
14, AWD, Premium Unleaded V-6 3.5 L/212, Gray, 26 MPG                                          |                              CITY, Black,"El Dorado Hills, CA        "," 13,122","            $49,995          ","             $45,922          ", R21035, 9-Speed Automatic w/OD,14.0,Acura MDX w/Advance Pkg AWD AWD, 5J8YD4H89JL024615,2018
15, AWD 4MATIC®, Intercooled Turbo Gas/Electric I-4 2.0 L/121, Selenite Grey Metallic,, Black MB-Tex,"El Dorado Hills, CA        "," 31,299","            $53,945          ","             $49,622          ", R21037, 7-Speed Automatic w/OD,15.0,Mercedes-Benz GLC 350 AWD 4MATIC®, WDC0G5EB7JF406286,2018
16, Front Wheel Drive, Intercooled Turbo Premium Unleaded I-4 2.0 L/121, Mountain Grey, 38 MPG                                          |                              CITY, Black MB-Tex w/ DINAMICA,"El Dorado Hills, CA        "," 53,671","            $23,995          ","             $21,982          ", R21040, 7-Speed Auto-Shift Manual w/OD,16.0,Mercedes-Benz CLA 250 Front Wheel Drive, WDDSJ4EB1EN120932,2014
17, Rear Wheel Drive, Intercooled Turbo Premium Unleaded I-4 2.0 L/121, Polar White, 34 MPG                                          |                              CITY, Black MB-Tex,"El Dorado Hills, CA        "," 8,395","            $46,575          ","             $41,995          ", R21041, 9-Speed Automatic w/OD,17.0,Mercedes-Benz C 300 Rear Wheel Drive, 55SWF8DBXKU295565,2019
18, Rear Wheel Drive, Intercooled Turbo Premium Unleaded I-4 2.0 L/121, Selenite Grey Metallic, 27 MPG                                          |                              CITY, Black MB-Tex,"El Dorado Hills, CA        "," 8,020","            $47,385          ","             $41,286          ", R21042, 9-Speed Automatic w/OD,18.0,Mercedes-Benz GLC 300 Rear Wheel Drive, WDC0G4JB3K1001119,2019
19, Rear Wheel Drive, Premium Unleaded V-6 3.5 L/213, Polar White, 25 MPG                                          |                              CITY, Sahara Beige/Mocha MB-Tex,"El Dorado Hills, CA        "," 35,519","            $27,792          ","             $26,312          ", R21048, 7-Speed Automatic w/OD,19.0,Mercedes-Benz GLK 350 Rear Wheel Drive, WDCGG5HB0FG424074,2015
20, AWD 4MATIC®, Intercooled Turbo Premium Unleaded I-4 2.0 L/121, Night Black, 32 MPG                                          |                              CITY, Black MB-Tex,"El Dorado Hills, CA        "," 23,463","            $38,240          ","             $32,578          ", R20899, 7-Speed Auto-Shift Manual w/OD,0.0,Mercedes-Benz CLA 250 Front Wheel Drive, WDDSJ4EBXKN742067,2019
21, Rear Wheel Drive, Premium Unleaded V-6 3.5 L/213, Iridium Silver, 29 MPG                                          |                              CITY, Black MB-Tex,"El Dorado Hills, CA        "," 36,255","            $39,395          ","             $34,298          ", R20910, 7-Speed Automatic w/OD,1.0,Mercedes-Benz GLA 250 AWD 4MATIC®, WDCTG4GB9KJ551848,2019
22, Rear Wheel Drive, Intercooled Turbo Premium Unleaded I-4 2.0 L/121, Lunar Blue Metallic, 34 MPG                                          |                              CITY, Luxury Silk BeigeEspresso MB-Tex,"El Dorado Hills, CA        "," 13,481","            $35,145          ","             $32,452          ", R20964, 7-Speed Automatic w/OD,2.0,Mercedes-Benz CLA 250 Front Wheel Drive, WDDSJ4EB5KN708246,2019
23, Rear Wheel Drive, Twin Turbo Premium Unleaded V-8 4.7 L/285, designo Diamond White Metallic, 26 MPG                                          |                              CITY, Saddle Brown / Black Leather,"El Dorado Hills, CA        "," 35,947","            $47,991          ","             $39,995          ", R20979, 9-Speed Automatic w/OD,3.0,Mercedes-Benz GLC 300 AWD 4MATIC®, WDC0G4KB8JV070443,2018
24, Front Wheel Drive, Intercooled Turbo Premium Unleaded I-4 2.0 L/121, Mountain Grey, 37 MPG                                          |                              CITY, Crystal Grey MB-Tex,"El Dorado Hills, CA        "," 8,760","            $45,175          ","             $36,892          ", R20811, 7-Speed Auto-Shift Manual w/OD,4.0,Mercedes-Benz C 300 Rear Wheel Drive, 55SWF4JB3JU280062,2018
25, AWD 4MATIC®, Twin Turbo Premium Unleaded V-6 3.0 L/183, Obsidian Black Metallic, 23 MPG                                          |                              CITY, Black Leather,"El Dorado Hills, CA        "," 37,788","            $61,650          ","             $51,983          ", R20987, 9-Speed Automatic w/OD,5.0,Mercedes-Benz GLE 400 AWD 4MATIC®, 4JGDA5GB7KB212111,2019
26, Rear Wheel Drive, Intercooled Turbo Premium Unleaded I-4 2.0 L/121, Polar White, 34 MPG                                          |                              CITY, Black MB-Tex,"El Dorado Hills, CA        "," 8,314","            $39,095          ","             $34,332          ", R20990, 9-Speed Automatic w/OD,6.0,Mercedes-Benz CLA 250 Front Wheel Drive, WDDSJ4EB5KN714435,2019
27, Rear Wheel Drive, Premium Unleaded V-6 3.5 L/213, Black, 24 MPG                                          |                              CITY, Black MB-Tex,"El Dorado Hills, CA        "," 38,951","            $45,095          ","             $38,079          ", R20988, 7-Speed Automatic w/OD,7.0,Mercedes-Benz C 300 Rear Wheel Drive, 55SWF8DB9KU286789,2019
28, Rear Wheel Drive, Intercooled Turbo Premium Unleaded I-4 2.0 L/121, Brilliant Blue Metallic, 30 MPG                                          |                              CITY, Crystal Grey MB-Tex,"El Dorado Hills, CA        "," 35,552","            $79,520          ","             $67,922          ", R20986, 7-Speed Automatic w/OD,8.0,Mercedes-Benz GLS 450 AWD 4MATIC®, 4JGDF6EE3KB205371,2019
29, Rear Wheel Drive, Intercooled Turbo Premium Unleaded I-4 2.0 L/121, Diamond Silver Metallic, 28 MPG                                          |                              CITY, Silk Beige MB-Tex,"El Dorado Hills, CA        "," 27,301","            $33,995          ","             $26,992          ", R20992, 9-Speed Automatic w/OD,9.0,Mercedes-Benz C 350 Rear Wheel Drive, 55SWF4HB3GU152726,2016
30, Rear Wheel Drive, Premium Unleaded V-6 3.5 L/213, Lunar Blue, 29 MPG                                          |                              CITY, Silk Beige MB-Tex,"El Dorado Hills, CA        "," 33,324","            $69,995          ","             $64,322          ", R21005, 7-Speed Automatic w/OD,10.0,BMW 6 Series ALPINA B6 G/CP AWD AWD, WBA6D6C54GGK18191,2016
31, Rear Wheel Drive, Intercooled Turbo Premium Unleaded I-4 2.0 L/121, designo Cardinal Red Metallic, 28 MPG                                          |                              CITY, Silk Beige MB-Tex,"El Dorado Hills, CA        "," 22,377","            $54,991          ","             $49,222          ", R21011, 9-Speed Automatic w/OD,11.0,Mercedes-Benz CLS 550 Rear Wheel Drive, WDDLJ7DB3GA164982,2016
32, RWD, Intercooled Turbo Premium Unleaded I-4 2.0 L/121, Polar White, 30 MPG                                          |                              CITY, Black,"El Dorado Hills, CA        "," 31,555","            $35,995          ","             $31,422          ", R21024, 7-Speed Automatic w/OD,12.0,Lexus ES ES 300h FWD, JTHBW1GG7H2138004,2017
33, Front Wheel Drive, Intercooled Turbo Premium Unleaded I-4 2.0 L/121, Cirrus White, 35 MPG                                          |                              CITY, Beige MB-Tex,"El Dorado Hills, CA        "," 19,662","            $32,995          ","             $28,992          ", R21031, 7-Speed Auto-Shift Manual w/OD,13.0,Mercedes-Benz CLA 250 Front Wheel Drive, WDDSJ4EB7JN536137,2018
34, AWD 4MATIC®, Intercooled Turbo Premium Unleaded I-4 2.0 L/121, Lunar Blue Metallic, 28 MPG                                          |                              CITY, Silk Beige MB-Tex,"El Dorado Hills, CA        "," 40,688","            $49,995          ","             $45,922          ", R21035, 9-Speed Automatic w/OD,14.0,Acura MDX w/Advance Pkg AWD AWD, 5J8YD4H89JL024615,2018
35, RWD, Intercooled Turbo Premium Unleaded I-4 2.0 L/121, Selenite Grey Metallic, 30 MPG                                          |                              CITY, Crystal Grey/Black,"El Dorado Hills, CA        "," 34,811","            $53,945          ","             $49,622          ", R21037, 7-Speed Automatic w/OD,15.0,Mercedes-Benz GLC 350 AWD 4MATIC®, WDC0G5EB7JF406286,2018
36, Rear Wheel Drive, Premium Unleaded V-6 3.5 L/213, Diamond Silver Metallic, 24 MPG                                          |                              CITY, Crystal Grey/Black Leather,"El Dorado Hills, CA        "," 21,402","            $23,995          ","             $21,982          ", R21040, 7-Speed Automatic w/OD,16.0,Mercedes-Benz CLA 250 Front Wheel Drive, WDDSJ4EB1EN120932,2014
37, RWD, Intercooled Turbo Premium Unleaded I-4 2.0 L/121, Polar White, 34 MPG                                          |                              CITY, BLACK INSERTS,"El Dorado Hills, CA        "," 22,561","            $46,575          ","             $41,995          ", R21041, 7-Speed Automatic w/OD,17.0,Mercedes-Benz C 300 Rear Wheel Drive, 55SWF8DBXKU295565,2019
38, Rear Wheel Drive, Intercooled Turbo Premium Unleaded I-4 2.0 L/121, Polar White, 30 MPG                                          |                              CITY, Macchiato Beige/ Black MB-Tex,"El Dorado Hills, CA        "," 11,856","            $47,385          ","             $41,286          ", R21042, 9-Speed Automatic w/OD,18.0,Mercedes-Benz GLC 300 Rear Wheel Drive, WDC0G4JB3K1001119,2019
39, FWD, Regular Unleaded I-4 2.5 L/152, Pearl White, 38 MPG                                          |                              CITY, Charcoal,"El Dorado Hills, CA        "," 91,991","            $27,792          ","             $26,312          ", R21048, 1-Speed CVT w/OD,19.0,Mercedes-Benz GLK 350 Rear Wheel Drive, WDCGG5HB0FG424074,2015
40, AWD 4MATIC, Gas V6 3.5L/213, Palladium Silver Metallic, 21 MPG                                          |                              CITY, Black,"El Dorado Hills, CA        "," 82,309",,"             $17,995          ", R21124, 7-Speed Automatic,0.0,Mercedes-Benz GLK 350 AWD 4MATIC®, WDCGG8HB6CF747189,2012
41, Front Wheel Drive, Intercooled Turbo Premium Unleaded I-4 2.0 L/121, Mountain Grey, 37 MPG                                          |                              CITY, Black MB-Tex,"El Dorado Hills, CA        "," 8,365",,"             $32,995          ", R21122, 7-Speed Auto-Shift Manual w/OD,1.0,Mercedes-Benz CLA 250 Front Wheel Drive, WDDSJ4EB4KN699670,2019
42, FWD, Intercooled Turbo Premium Unleaded I-4 2.0 L/121, Universe Blue Metallic, 38 MPG                                          |                              CITY, Ash,"El Dorado Hills, CA        "," 67,940",,"             $22,995          ", R21123, 7-Speed Auto-Shift Manual w/OD,2.0,Mercedes-Benz CLA 250 FWD, WDDSJ4EB6EN033141,2014
43, AWD 4MATIC, Intercooled Turbo Premium Unleaded I-4 2.0 L/121, Polar White, 31 MPG                                          |                              CITY, SILK BEIGE MB T,"El Dorado Hills, CA        "," 32,389",,"             $31,992          ", R21128, 7-Speed Automatic w/OD,3.0,Mercedes-Benz C 300W4 AWD 4MATIC®, 55SWF4KB9GU149256,2016
44, AWD 4MATIC, Intercooled Turbo Premium Unleaded I-4 2.0 L/121, designo Diamond White Metallic, 28 MPG                                          |                              CITY, Black,"El Dorado Hills, CA        "," 38,059",,"             $38,952          ", R21112, 9-Speed Automatic w/OD,4.0,Mercedes-Benz GLC 300 AWD 4MATIC®, WDC0G4KB0HF154468,2017
45, AWD 4MATIC, Intercooled Turbo Gas/Electric I-4 2.0 L/121, Lunar Blue Metallic,, Silk Beige/Black MB-Tex,"El Dorado Hills, CA        "," 8,429",,Please Call for Price  , R21127, 7-Speed Automatic w/OD,5.0,Mercedes-Benz GLC 350e AWD 4MATIC®, WDC0G5EB7KF509483,2019
46, RWD, Intercooled Turbo Premium Unleaded I-4 2.0 L/121, Palladium Silver Metallic, 34 MPG                                          |                              CITY, BLACK INSERTS,"El Dorado Hills, CA        "," 42,920",,"             $31,992          ", R21125, 7-Speed Automatic w/OD,6.0,Mercedes-Benz C 300W RWD, 55SWF4JB6GU122940,2016
47, RWD, Turbocharged Gas I6 3.0L/182, White, 33 MPG                                          |                              CITY, BLACK W RED STI,"El Dorado Hills, CA        "," 79,081",,"             $21,922          ", R21126,,7.0,BMW 3 Series 335i RWD, WBA3A9G52DNP37318,2013
48, AWD 4MATIC, Gas V6 3.5L/213, Palladium Silver Metallic, 21 MPG                                          |                              CITY, Black,"El Dorado Hills, CA        "," 82,309",,"             $17,995          ", R21124, 7-Speed Automatic,0.0,Mercedes-Benz GLK 350 AWD 4MATIC®, WDCGG8HB6CF747189,2012
49, Front Wheel Drive, Intercooled Turbo Premium Unleaded I-4 2.0 L/121, Mountain Grey, 37 MPG                                          |                              CITY, Black MB-Tex,"El Dorado Hills, CA        "," 8,365",,"             $32,995          ", R21122, 7-Speed Auto-Shift Manual w/OD,1.0,Mercedes-Benz CLA 250 Front Wheel Drive, WDDSJ4EB4KN699670,2019
50, FWD, Intercooled Turbo Premium Unleaded I-4 2.0 L/121, Universe Blue Metallic, 38 MPG                                          |                              CITY, Ash,"El Dorado Hills, CA        "," 67,940",,"             $22,995          ", R21123, 7-Speed Auto-Shift Manual w/OD,2.0,Mercedes-Benz CLA 250 FWD, WDDSJ4EB6EN033141,2014
51, AWD 4MATIC, Intercooled Turbo Premium Unleaded I-4 2.0 L/121, Polar White, 31 MPG                                          |                              CITY, SILK BEIGE MB T,"El Dorado Hills, CA        "," 32,389",,"             $31,992          ", R21128, 7-Speed Automatic w/OD,3.0,Mercedes-Benz C 300W4 AWD 4MATIC®, 55SWF4KB9GU149256,2016
52, AWD 4MATIC, Intercooled Turbo Premium Unleaded I-4 2.0 L/121, designo Diamond White Metallic, 28 MPG                                          |                              CITY, Black,"El Dorado Hills, CA        "," 38,059",,"             $38,952          ", R21112, 9-Speed Automatic w/OD,4.0,Mercedes-Benz GLC 300 AWD 4MATIC®, WDC0G4KB0HF154468,2017
53, AWD 4MATIC, Intercooled Turbo Gas/Electric I-4 2.0 L/121, Lunar Blue Metallic,, Silk Beige/Black MB-Tex,"El Dorado Hills, CA        "," 8,429",,Please Call for Price  , R21127, 7-Speed Automatic w/OD,5.0,Mercedes-Benz GLC 350e AWD 4MATIC®, WDC0G5EB7KF509483,2019
54, RWD, Intercooled Turbo Premium Unleaded I-4 2.0 L/121, Palladium Silver Metallic, 34 MPG                                          |                              CITY, BLACK INSERTS,"El Dorado Hills, CA        "," 42,920",,"             $31,992          ", R21125, 7-Speed Automatic w/OD,6.0,Mercedes-Benz C 300W RWD, 55SWF4JB6GU122940,2016
55, RWD, Turbocharged Gas I6 3.0L/182, White, 33 MPG                                          |                              CITY, BLACK W RED STI,"El Dorado Hills, CA        "," 79,081",,"             $21,922          ", R21126,,7.0,BMW 3 Series 335i RWD, WBA3A9G52DNP37318,2013
0, RWD, Gas V6 2.5L/152, Charcoal, 32 MPG                                          |                              CITY,,"Stockton, CA"," 157,858","$8,900",, P3392A, 6-Speed Automatic,0.0,Lexus IS 250 250, JTHBK262X75028035,2007
1, RWD, Gas V6 3.2L/195, Capri Blue Metallic, 28 MPG                                          |                              CITY,,"Stockton, CA"," 74,456","$9,999",, L5328A, 5-Speed Automatic w/OD,1.0,Mercedes-Benz E-Class 3.2L, WDBUF65J85A693548,2005
2, FWD, Regular Unleaded I-4 1.6 L/97, Chalk White, 36 MPG                                          |                              CITY, Beige,"Stockton, CA"," 24,026","$11,040",, P3423A, 6-Speed Automatic w/OD,2.0,Chevrolet Silverado 1500 LT 4WD, 1GCVKREC5EZ410142,2014
3, RWD, Turbocharged Gas I4 1.8L/110, Arctic White, 31 MPG                                          |                              CITY, Almond MB-Tex,"Stockton, CA"," 136,268","$11,988",, P3440, 7-Speed Automatic,3.0,Hyundai Accent SE, KMHCT4AE5HU362511,2017
4, FWD, Regular Unleaded I-4 1.8 L/110, Super Black, 37 MPG                                          |                              CITY, Charcoal,"Stockton, CA"," 23,821","$11,995",, P3349A, 1-Speed CVT w/OD,4.0,Mercedes-Benz C 250 With Navigation, WDDGF4HB6CA728789,2012
5, FWD, Regular Unleaded I-4 2.0 L/122, Silver, 38 MPG                                          |                              CITY, Black,"Stockton, CA"," 33,316","$12,988",, P3410, 6-Speed Auto-Shift Manual w/OD,5.0,Nissan Sentra SV, 3N1AB7AP2HL710117,2017
6, 4WD, Gas V8 4.4L/268, White, 18 MPG                                          |                              CITY,,"Stockton, CA"," 74,803","$12,988",, P3420, 6-Speed Automatic w/OD,6.0,Ford Focus SE, 1FADP3K26JL324170,2018
7, FWD, Regular Unleaded I-4 1.6 L/97, Century White, 36 MPG                                          |                              CITY, Black,"Stockton, CA"," 26,898","$12,995",, 5793A, 6-Speed Auto-Shift Manual w/OD,7.0,Land Rover Range Rover Sport HSE With Navigation & 4WD, SALSF25469A213372,2009
8, RWD, Turbocharged Gas I4 1.8L/110, Magnetite Black, 31 MPG                                          |                              CITY, Black MB Tex,"Stockton, CA"," 92,905","$13,488",, P3289, 7-Speed Automatic,8.0,Hyundai Veloster, KMHTC6AD2GU257832,2016
9, RWD, Turbocharged I4 2.0L/122, Thunder Gray ChromaFlair, 31 MPG                                          |                              CITY, Light Platinum w/Jet Black Accents,"Stockton, CA"," 89,244","$13,988",, P3276A, 6-Speed Automatic,9.0,Cadillac ATS Premium With Navigation, 1G6AE5SXXD0137372,2013
10, FWD, Regular Unleaded I-4 1.8 L/110, Super White, 36 MPG                                          |                              CITY, Ash,"Stockton, CA"," 38,364","$14,040",, P3391A, 1-Speed CVT w/OD,10.0,Honda Accord Sedan EX-L, 1HGCR2F80FA156555,2015
11, FWD, Gas/Electric I-4 2.0 L/122, Oxford White, 41 MPG                                          |                              CITY, Ebony,"Stockton, CA"," 33,558","$14,788",, P3437, 1-Speed CVT w/OD,11.0,Toyota Corolla LE, 2T1BURHE6JC989284,2018
12, 4WD, Regular Unleaded V-6 3.5 L/213,, 23 MPG                                          |                              CITY,,"Stockton, CA"," 137,431","$14,988",, 5759A, 6-Speed Automatic w/OD,12.0,Ford Explorer Limited 4WD, 1FM5K8F84EGA13808,2014
13, FWD, Regular Unleaded I-4 2.4 L/144, White, 36 MPG                                          |                              CITY,,"Stockton, CA"," 74,636","$14,988",, P3429, 1-Speed CVT w/OD,13.0,Ford Fusion Hybrid SE, 3FA6P0LU8HR232707,2017
14, FWD, Regular Unleaded I-4 2.5 L/152, Brilliant Silver, 38 MPG                                          |                              CITY, Charcoal,"Stockton, CA"," 22,025","$15,988",, p3441, 1-Speed CVT w/OD,14.0,Nissan Altima 2.5 SV, 1N4AL3AP7JC111627,2018
15, AWD, Regular Unleaded I-4 2.0 L/122, Magnetic Black, 30 MPG                                          |                              CITY, Charcoal,"Stockton, CA"," 24,991","$17,988",, P3404, 1-Speed CVT w/OD,15.0,Nissan Rogue Sport S AWD, JN1BJ1CR5JW264130,2018
16, AWD, Regular Unleaded I-4 2.5 L/152, Brilliant Silver, 32 MPG                                          |                              CITY, Charcoal,"Stockton, CA"," 36,398","$17,988",, P3436, 1-Speed CVT w/OD,16.0,Nissan Rogue SV AWD, KNMAT2MV7JP568882,2018
17, 4WD, Regular Unleaded V-6 3.5 L/213, White, 23 MPG                                          |                              CITY,,"Stockton, CA"," 103,135","$18,999",, 5821A, 6-Speed Automatic w/OD,17.0,Ford Explorer Limited 4WD, 1FM5K8F88EGC13235,2014
18, RWD, Regular Unleaded V-6 3.6 L/220, Granite Pearlcoat, 30 MPG                                          |                              CITY, Black,"Stockton, CA"," 27,961","$21,988",, P3398, 8-Speed Automatic w/OD,18.0,Dodge Challenger SXT, 2C3CDZAG1JH237647,2018
19, RWD, Regular Unleaded V-6 3.6 L/220, Gloss Black, 30 MPG                                          |                              CITY, Black,"Stockton, CA"," 38,623","$21,999",, P3444A, 8-Speed Automatic w/OD,19.0,Chrysler 300 300S, 2C3CCABGXHH612593,2017
20, FWD, Regular Unleaded I-4 2.5 L/152, Sonic Silver Metallic, 31 MPG                                          |                              CITY, Black,"Stockton, CA"," 33,748","$23,988",, P3430, 6-Speed Automatic w/OD,0.0,Mazda CX-5 Grand Touring With Navigation, JM3KFADM2J0325641,2018
21, AWD 4MATIC, Intercooled Turbo Premium Unleaded I-4 2.0 L/121, Cirrus White, 32 MPG                                          |                              CITY, Beige MB-Tex,"Stockton, CA"," 48,200","$23,988",, P3342, 7-Speed Auto-Shift Manual w/OD,1.0,Mercedes-Benz GLA 250 AWD 4MATIC®, WDCTG4GB2GJ192298,2016
22, 4WD, Regular Unleaded V-6 3.2 L/198, Granite Crystal Metallic Clearcoat, 27 MPG                                          |                              CITY, Black,"Stockton, CA"," 28,221","$24,988",, P3409, 9-Speed Automatic w/OD,2.0,Jeep Cherokee Limited 4WD, 1C4PJMDX0KD216632,2019
23, 4WD, Regular Unleaded I-4 2.4 L/144, Bright White Clearcoat, 25 MPG                                          |                              CITY, Black,"Stockton, CA"," 34,195","$24,988",, P3457, 9-Speed Automatic w/OD,3.0,Jeep Cherokee Trailhawk 4WD, 1C4PJMBBXJD569174,2018
24, AWD 4MATIC, Intercooled Turbo Premium Unleaded I-4 2.0 L/121, Cirrus White, 31 MPG                                          |                              CITY, Black MB-Tex,"Stockton, CA"," 31,502","$25,988",, P3428, 7-Speed Auto-Shift Manual w/OD,4.0,Mercedes-Benz GLA 250 AWD 4MATIC®, WDCTG4GB7HJ323842,2017
25, 4WD, Regular Unleaded V-6 3.2 L/198, Diamond Black Crystal Pearlcoat, 24 MPG                                          |                              CITY, Black,"Stockton, CA"," 13,995","$25,988",, P3425, 9-Speed Automatic w/OD,5.0,Jeep Cherokee Trailhawk 4WD, 1C4PJMBX9KD313718,2019
26, FWD, Gas V6 3.6L/217, Stellar Black Metallic, 28 MPG                                          |                              CITY, Jet Black,"Stockton, CA"," 38,611","$25,999",, P3445, 6-Speed Automatic w/Manual Shift,6.0,Cadillac XTS Luxury, 2G61M5S35J9158499,2018
27, RWD, Premium Unleaded V-8 5.0 L/302, Shadow Black, 25 MPG                                          |                              CITY, Ebony,"Stockton, CA"," 27,933","$26,988",, P3499A, 6-Speed Automatic w/OD,7.0,Ford Mustang GT, 1FA6P8CF0G5336884,2016
28, AWD, Regular Unleaded I-4 2.5 L/152, Machine Gray Metallic, 29 MPG                                          |                              CITY, Black,"Stockton, CA"," 15,444","$26,988",, 5854a, 6-Speed Automatic w/OD,8.0,Mazda CX-5 Grand Touring With Navigation & AWD, JM3KFBDL2H0106122,2017
29, 4WD, Regular Unleaded V-6 3.5 L/213, Gun Metallic, 26 MPG                                          |                              CITY, Charcoal,"Stockton, CA"," 28,524","$27,988",, P3431, 1-Speed CVT w/OD,9.0,Nissan Pathfinder SL 4WD, 5N1DR2MM7JC611400,2018
30, 4WD, Regular Unleaded V-6 3.2 L/198, Bright White Clearcoat, 27 MPG                                          |                              CITY, Black,"Stockton, CA"," 12,587","$27,999",, P3456, 9-Speed Automatic w/OD,10.0,Jeep Cherokee Limited 4WD, 1C4PJMDX3KD346775,2019
31, 4WD, Regular Unleaded V-8 5.7 L/345, Bright White Clearcoat, 21 MPG                                          |                              CITY, Diesel Gray/Black,"Stockton, CA"," 17,249","$28,988",, P3382, 8-Speed Automatic w/OD,11.0,Ram 1500 Classic SLT 4WD, 1C6RR7TTXKS510818,2019
32, 4WD, Regular Unleaded V-6 3.6 L/220, Bright White Clearcoat, 20 MPG                                          |                              CITY, Black,"Stockton, CA"," 41,035","$28,988",, P3435, 5-Speed Automatic w/OD,12.0,Jeep Wrangler Unlimited Sport 4WD, 1C4HJWDGXHL754270,2017
33, AWD 4MATIC, Twin Turbo Premium Unleaded V-6 3.0 L/183, Black, 22 MPG                                          |                              CITY, Black Leather,"Stockton, CA"," 39,996","$29,988",, P3424, 7-Speed Automatic w/OD,13.0,Mercedes-Benz M-Class ML 400 AWD 4MATIC®, 4JGDA5GB3FA578658,2015
34, AWD 4MATIC, Intercooled Turbo Premium Unleaded I-4 2.0 L/121, Black, 28 MPG                                          |                              CITY, Silk Beige MB-Tex,"Stockton, CA"," 28,094","$29,999",, P3375, 9-Speed Automatic w/OD,14.0,Mercedes-Benz GLC 300 AWD 4MATIC®, WDC0G4KBXGF007976,2016
35, 4WD, Regular Unleaded V-6 3.6 L/220, Bright White Clearcoat, 20 MPG                                          |                              CITY, Black,"Stockton, CA"," 24,432","$30,988",, P3413, 5-Speed Automatic w/OD,15.0,Jeep Wrangler Unlimited Sahara 4WD, 1C4HJWEG7HL754239,2017
36, 4WD, Regular Unleaded V-6 3.3 L,, 23 MPG                                          |                              CITY,,"Stockton, CA"," 24,998","$31,988",, P3453, 6-Speed Automatic w/OD,16.0,Ford F-150 XLT 4WD, 1FTEW1EB9JKE47985,2018
37, AWD 4MATIC, Intercooled Turbo Premium Unleaded I-4 2.0 L/121, Polar White, 28 MPG                                          |                              CITY, Silk Beige MB-Tex,"Stockton, CA"," 29,540","$31,988",, P3359, 9-Speed Automatic w/OD,17.0,Mercedes-Benz GLC 300 AWD 4MATIC®, WDC0G4KB8GF024999,2016
38, AWD 4MATIC, Premium Unleaded V-6 3.5 L/213, Black, 22 MPG                                          |                              CITY, Black MB-Tex,"Stockton, CA"," 59,034","$31,988",, P3432, 7-Speed Automatic w/OD,18.0,Mercedes-Benz GLE 350 AWD 4MATIC®, 4JGDA5HBXGA770224,2016
39, AWD, Regular Unleaded V-6 3.6 L/220, DB Black Clearcoat, 25 MPG                                          |                              CITY, Black,"Stockton, CA"," 12,860","$31,999",, P3386, 8-Speed Automatic w/OD,19.0,Dodge Durango GT Plus AWD, 1C4RDJDG5KC559778,2019
40, 4WD, Regular Unleaded V-8 5.7 L/345, Billet Silver Metallic Clearcoat, 21 MPG                                          |                              CITY, Black,"Stockton, CA"," 24,283","$32,988",, P3401, 8-Speed Automatic w/OD,0.0,Ram 1500 Big Horn/Lone Star 4WD, 1C6SRFBT4KN667627,2019
41, 4WD, Twin Turbo Regular Unleaded V-6 3.5 L/213, Ingot Silver Metallic, 23 MPG                                          |                              CITY, Medium Earth Gray,"Stockton, CA"," 18,677","$32,988",, P3427,,1.0,Ford F-150 XLT 4WD, 1FTEW1EG3JKE48321,2018
42, AWD 4MATIC, Intercooled Turbo Premium Unleaded I-4 2.0 L/121, Polar White, 28 MPG                                          |                              CITY, Black MB-Tex,"Stockton, CA"," 22,395","$34,488",, P3443, 9-Speed Automatic w/OD,2.0,Mercedes-Benz GLC 300 AWD 4MATIC®, WDC0G4KB2HF123075,2017
43, RWD, Intercooled Turbo Premium Unleaded I-4 2.0 L/121, White, 30 MPG                                          |                              CITY,,"Stockton, CA"," 45,051","$34,988",, 5568A, 9-Speed Automatic w/OD,3.0,Mercedes-Benz E 300, WDDZF4JB3HA028724,2017
44, RWD, Premium Unleaded V-6 3.5 L/213,, 24 MPG                                          |                              CITY,,"Stockton, CA"," 27,888","$35,988",, P3459, 7-Speed Automatic w/OD,4.0,Mercedes-Benz GLE 350, 4JGDA5JB9GA790135,2016
45, AWD, Gas V6 3.6L/222, Radiant Silver Metallic, 25 MPG                                          |                              CITY, Sahara Beige,"Stockton, CA"," 26,053","$36,988",, P3417, 8-Speed Automatic,5.0,Cadillac XT5 Premium Luxury AWD AWD, 1GYKNFRS0KZ130547,2019
46, AWD, Regular Unleaded V-8 5.6 L/339, Super Black, 18 MPG                                          |                              CITY, Charcoal,"Stockton, CA"," 22,691","$37,988",, P3418, 7-Speed Automatic w/OD,6.0,Nissan Armada SL With Navigation & AWD, JN8AY2NC4KX509731,2019
47, AWD 4MATIC, Premium Unleaded V-6 3.5 L/213,, 22 MPG                                          |                              CITY,,"Stockton, CA"," 21,531","$37,999",, P3458, 7-Speed Automatic w/OD,7.0,Mercedes-Benz GLE 350 AWD 4MATIC®, 4JGDA5HB1GA724944,2016
48, RWD, Intercooled Turbo Premium Unleaded I-4 2.0 L/121, Lunar Blue Metallic, 33 MPG                                          |                              CITY, Silk Beige MB-Tex,"Stockton, CA"," 7,081","$38,499",, L5003, 9-Speed Automatic w/OD,8.0,Mercedes-Benz C 300, 55SWF4JB0JU271349,2018
49, RWD, Intercooled Turbo Premium Unleaded I-4 2.0 L/121, Polar White, 30 MPG                                          |                              CITY, Black MB-Tex,"Stockton, CA"," 31,167","$39,988",, 5710A, 9-Speed Automatic w/OD,9.0,Mercedes-Benz E 300, WDDZF4JB0JA342143,2018
50, 4WD, Gas/Ethanol V8 5.3L/, Black, 22 MPG                                          |                              CITY, Jet Black,"Stockton, CA"," 38,892","$39,999",, P3454, 6-Speed Automatic,10.0,Chevrolet Suburban LT 4WD, 1GNSKHKC2JR334737,2018
51, AWD 4MATIC, Intercooled Turbo Premium Unleaded I-4 2.0 L/121, Black, 28 MPG                                          |                              CITY, Black MB-Tex,"Stockton, CA"," 6,305","$39,999",, P3360, 9-Speed Automatic w/OD,11.0,Mercedes-Benz GLC 300 AWD 4MATIC®, WDC0G4KB3JV036510,2018
52, AWD 4MATIC, Intercooled Turbo Premium Unleaded I-4 2.0 L/121, Polar White, 27 MPG                                          |                              CITY, Black MB-Tex,"Stockton, CA"," 29,640","$41,988",, P3438, 9-Speed Automatic w/OD,12.0,Mercedes-Benz GLC 300 AWD 4MATIC®, WDC0J4KB3HF189782,2017
53, 4WD, Gas/Ethanol V8 5.3L/, Silver Ice Metallic, 21 MPG                                          |                              CITY, Cocoa/Dune,"Stockton, CA"," 20,366","$42,988",, P3402, 6-Speed Automatic,13.0,Chevrolet Tahoe LT 4WD, 1GNSKBKC7KR121703,2019
54, RWD, Intercooled Turbo Premium Unleaded I-4 2.0 L/121, designo Cardinal Red Metallic, 34 MPG                                          |                              CITY, Silk Beige MB-Tex,"Stockton, CA"," 7,839","$43,995",, L5335, 9-Speed Automatic w/OD,14.0,Mercedes-Benz C 300, 55SWF8DB4KU285193,2019
55, RWD, Intercooled Turbo Premium Unleaded I-4 2.0 L/121, Black, 34 MPG                                          |                              CITY, Black MB-Tex,"Stockton, CA"," 12,663","$44,375",, L5473, 9-Speed Automatic w/OD,15.0,Mercedes-Benz C 300, 55SWF8DB5KU298714,2019
56, 4WD, Intercooled Turbo Diesel V-8 6.7 L/406, Ingot Silver Metallic,  MPG                                          |                              CITY, Black,"Stockton, CA"," 36,022","$44,988",, P3455, 6-Speed Automatic w/OD,16.0,Ford Super Duty F-250 SRW XLT 4WD, 1FT7W2BT6JEB91007,2018
57, RWD, Intercooled Turbo Premium Unleaded I-4 2.0 L/121, Mojave Silver Metallic, 27 MPG                                          |                              CITY, Black MB-Tex,"Stockton, CA"," 7,628","$46,835",, L5260, 9-Speed Automatic w/OD,17.0,Mercedes-Benz GLC 300, WDC0G4JB0KV122800,2019
58, RWD, Twin Turbo Premium Unleaded V-6 3.0 L/183, designo Cardinal Red, 27 MPG                                          |                              CITY, Porcelain / Black Nappa Leather,"Stockton, CA"," 28,287","$53,988",, P3315, 7-Speed Automatic w/OD,18.0,Mercedes-Benz SL 400, WDDJK6FA4GF039835,2016
59, RWD, Intercooled Turbo Premium Unleaded I-4 2.0 L/121, Black, 30 MPG                                          |                              CITY, Black MB-Tex,"Stockton, CA", 0,"$60,555",, L5366, 9-Speed Automatic w/OD,19.0,Mercedes-Benz E 300, WDDZF4JB3KA552267,2019
